"","strata","median","pval"
"1","ROBO1_level=high",129.078947368421,0.00388279852752083
"2","ROBO1_level=low",31.6447368421053,NA
