"","strata","median","pval"
"1","ROBO3_level=high",71.3815789473684,0.00153301886458462
"2","ROBO3_level=low",24.3421052631579,NA
