"","strata","median","pval"
"1","ROBO1_level=high",35.0986842105263,0.212457371646118
"2","ROBO1_level=low",24.1447368421053,NA
