"","strata","median","pval"
"1","ROBO4_level=high",34.7697368421053,0.0607558671052788
"2","ROBO4_level=low",68.6184210526316,NA
