"","strata","median","pval"
"1","ROBO2_level=high",60.5592105263158,0.745108158673047
"2","ROBO2_level=low",31.6447368421053,NA
